"('Asphalt', 'A. No Damage')","('Asphalt', 'B. Affected (1-9%)')","('Asphalt', 'C. Minor (10-25%)')","('Asphalt', 'D. Major (26-50%)')","('Asphalt', 'E. Destroyed (>50%)')","('Combustible', 'A. No Damage')","('Combustible', 'B. Affected (1-9%)')","('Combustible', 'C. Minor (10-25%)')","('Combustible', 'D. Major (26-50%)')","('Combustible', 'E. Destroyed (>50%)')","('Concrete', 'A. No Damage')","('Concrete', 'B. Affected (1-9%)')","('Concrete', 'C. Minor (10-25%)')","('Concrete', 'D. Major (26-50%)')","('Concrete', 'E. Destroyed (>50%)')","('Fire Resistant', 'A. No Damage')","('Fire Resistant', 'B. Affected (1-9%)')","('Fire Resistant', 'C. Minor (10-25%)')","('Fire Resistant', 'D. Major (26-50%)')","('Fire Resistant', 'E. Destroyed (>50%)')","('Metal', 'A. No Damage')","('Metal', 'B. Affected (1-9%)')","('Metal', 'C. Minor (10-25%)')","('Metal', 'D. Major (26-50%)')","('Metal', 'E. Destroyed (>50%)')","('No Deck/Porch', 'A. No Damage')","('Non Combustible', 'E. Destroyed (>50%)')","('Other', 'A. No Damage')","('Other', 'B. Affected (1-9%)')","('Other', 'C. Minor (10-25%)')","('Other', 'D. Major (26-50%)')","('Other', 'E. Destroyed (>50%)')","('Tile', 'A. No Damage')","('Tile', 'B. Affected (1-9%)')","('Tile', 'C. Minor (10-25%)')","('Tile', 'D. Major (26-50%)')","('Tile', 'E. Destroyed (>50%)')","('Unknown', 'A. No Damage')","('Unknown', 'B. Affected (1-9%)')","('Unknown', 'C. Minor (10-25%)')","('Unknown', 'D. Major (26-50%)')","('Unknown', 'E. Destroyed (>50%)')","('Wood', 'A. No Damage')","('Wood', 'B. Affected (1-9%)')","('Wood', 'C. Minor (10-25%)')","('Wood', 'D. Major (26-50%)')","('Wood', 'E. Destroyed (>50%)')",A. Single Residence,B. Multiple Residence,C. Mixed Commercial/Residential,D. Nonresidential Commercial,E. Infrastructure,F. Agriculture,G. Other Minor Structure,Incident Name,Year,County,Total Economic Loss
6,0,0,0,3,0,0,0,0,0,1,0,1,0,0,0,0,0,0,0,0,1,0,1,2,0,0,0,0,0,0,0,9,1,0,0,2,57,0,0,0,0,0,1,1,0,0,43,0,0,36,0,0,7,46th,2019,Riverside,38767270
0,0,0,0,1,0,0,0,0,0,0,0,0,0,0,0,0,0,0,0,0,0,0,0,0,0,0,0,0,0,0,0,0,0,0,0,0,0,0,0,0,0,0,0,0,0,0,1,0,0,0,0,0,0,Aborn,2019,Santa Clara,414616
39,0,0,0,1,0,0,0,0,0,0,0,0,0,0,0,0,0,0,0,35,0,1,0,0,0,0,7,0,0,0,0,5,0,0,0,0,0,0,0,0,2,0,0,0,0,0,47,0,0,14,0,0,29,Aero,2024,Calaveras,15774064
6,0,0,0,0,0,0,0,0,0,0,0,0,0,0,0,0,0,0,0,11,0,0,0,1,0,0,0,0,0,0,0,0,0,0,0,0,0,0,0,0,2,0,0,0,0,0,10,0,0,1,0,0,9,Agua,2022,Mariposa,1131796
37,0,2,0,54,0,0,0,0,0,0,0,0,0,5,0,0,0,0,0,8,1,0,1,6,0,0,6,0,1,0,1,0,0,0,0,6,0,0,0,0,15,0,0,0,0,2,101,0,0,26,8,0,10,Airport,2024,Orange,31314926
78,7,4,2,14,0,0,0,0,0,0,0,0,0,0,0,0,0,0,0,28,3,2,2,15,0,0,15,2,3,3,2,8,0,0,0,9,4,0,1,0,30,1,0,0,0,1,113,2,6,30,16,0,67,Airport,2024,Riverside,36975264
0,0,0,0,0,0,0,0,0,2,0,0,0,0,0,0,1,0,0,10,0,0,0,0,0,0,0,0,0,0,0,0,0,0,0,0,0,0,0,0,0,1,0,0,0,0,0,3,0,0,0,0,0,11,Alamo,2017,Santa Barbara,1256985
61,0,0,0,5,0,0,0,0,0,1,0,0,0,0,0,0,0,0,0,49,1,0,0,4,0,0,6,0,0,0,0,34,0,0,0,0,1,0,0,0,2,2,0,0,0,0,99,1,3,15,0,0,48,Alisal,2021,Santa Barbara,284044615
0,0,0,0,0,0,0,0,0,0,0,0,0,0,0,0,0,0,0,0,2,0,0,0,1,0,0,0,0,0,0,0,0,0,0,0,0,0,0,0,0,0,0,0,0,0,0,2,0,0,0,0,0,1,Andrew,2023,Tuolumne,146217
39,3,0,0,9,0,0,0,0,0,0,0,0,0,0,0,0,0,0,0,50,1,0,0,9,0,0,0,0,0,0,0,0,0,0,0,0,0,0,0,0,1,0,0,0,0,0,101,0,0,3,0,0,8,Antelope,2021,Siskiyou,11732433
16,0,0,0,0,0,0,0,0,0,2,0,0,0,0,0,0,0,0,0,5,0,0,0,2,0,0,0,0,0,0,0,1,0,0,0,0,0,0,0,0,0,1,0,0,0,0,16,1,0,0,1,0,9,Anzar,2022,San Benito,4939434
46,2,0,0,5,0,0,0,0,0,0,0,0,0,0,0,0,0,0,0,9,2,0,1,8,0,0,1,0,0,0,1,0,0,0,0,0,0,0,0,0,2,0,0,0,0,1,50,0,0,0,0,0,28,Apache,2024,Butte,9810231
28,0,1,1,5,0,0,0,0,0,2,0,0,0,0,0,0,0,0,0,7,0,1,0,0,0,0,1,0,0,0,0,11,0,0,0,0,3,0,0,0,0,1,0,0,0,0,49,0,0,0,0,0,12,Apple,2020,Riverside,14812630
6,0,0,0,0,0,0,0,0,0,0,0,0,0,0,0,0,0,0,0,2,0,0,0,0,0,0,3,0,0,0,0,0,0,0,0,0,0,0,0,0,0,0,0,0,0,0,7,0,0,1,0,0,3,Apple,2020,San Bernardino,1651413
0,0,0,0,0,0,0,0,0,0,0,0,0,0,0,0,0,0,0,0,0,0,0,0,1,0,0,0,0,0,0,0,0,0,0,0,0,0,0,0,0,0,0,0,0,0,0,0,0,0,0,0,0,1,Argyle,2020,Monterey,88155
0,0,0,0,0,34,4,1,1,130,0,0,0,0,0,328,71,17,6,531,0,0,0,0,0,0,0,0,0,0,0,0,0,0,0,0,0,63,6,1,3,96,0,0,0,0,0,787,0,0,47,0,0,458,Atlas,2017,Napa,1460097179
0,0,0,0,0,12,0,0,0,2,0,0,0,0,0,28,3,0,0,6,0,0,0,0,0,0,0,0,0,0,0,0,0,0,0,0,0,0,0,0,0,0,0,0,0,0,0,32,0,0,1,0,0,18,Atlas,2017,Solano,24460604
20,0,0,0,0,0,0,0,0,0,0,0,0,0,0,0,0,0,0,0,21,0,1,0,2,0,0,0,0,0,0,0,0,0,0,0,0,0,0,0,0,0,0,0,0,0,0,19,0,0,1,0,0,24,August Complex,2020,Glenn,3541847
9,0,0,0,0,0,0,0,0,0,0,0,0,0,0,0,0,0,0,0,1,0,0,0,0,0,0,0,0,0,0,0,0,0,0,0,0,0,0,0,0,0,0,0,0,0,0,6,0,0,0,0,0,4,August Complex,2020,Lake,1168029
16,0,0,0,2,0,0,0,0,0,0,0,0,0,0,0,0,0,0,0,64,1,0,0,11,0,0,1,0,0,0,0,0,0,0,0,0,0,0,0,0,1,0,0,0,0,0,60,0,0,1,0,0,35,August Complex,2020,Mendocino,5807299
2,0,1,0,1,0,0,0,0,0,0,0,0,0,0,0,0,0,0,0,25,0,0,0,8,0,0,0,0,0,0,0,0,0,0,0,0,0,0,0,0,0,0,0,0,0,0,30,0,0,3,0,0,4,August Complex,2020,Tehama,3762122
13,1,0,0,8,0,0,0,0,0,0,0,0,0,0,0,0,0,0,0,35,0,1,1,31,0,0,0,0,0,0,0,0,0,0,0,0,0,0,0,0,2,0,1,0,0,8,41,0,0,0,0,0,60,August Complex,2020,Trinity,11324130
0,0,0,0,0,0,0,0,0,0,0,0,0,0,0,0,0,0,0,0,0,0,0,0,0,0,0,0,0,0,0,0,0,1,0,0,0,0,0,0,0,0,0,0,0,0,0,0,1,0,0,0,0,0,Avila,2020,San Luis Obispo,261277
36,10,1,1,52,0,0,0,0,0,3,0,1,1,1,0,0,0,0,0,9,0,0,1,12,0,0,1,0,0,0,0,7,0,0,0,8,340,0,0,0,10,2,4,0,0,5,362,0,2,4,6,0,131,BEU Lightning Cmplx,2020,Monterey,169410562
0,0,0,0,0,0,0,0,0,0,0,0,0,0,0,0,0,0,0,0,0,0,0,0,1,0,0,0,0,0,0,0,0,0,0,0,0,0,0,0,0,0,0,0,0,0,0,0,0,0,0,0,0,1,Bart,2021,Mendocino,5742
0,0,0,0,0,0,0,0,0,0,0,0,0,0,0,0,0,0,0,0,0,0,0,0,0,0,0,0,0,0,0,0,0,0,0,0,0,0,0,0,0,1,0,0,0,0,0,1,0,0,0,0,0,0,Bear,2017,Santa Cruz,424416
82,2,2,1,27,0,0,0,0,0,0,0,0,0,0,0,0,0,0,0,133,4,3,2,43,0,0,3,0,0,0,2,2,0,0,0,1,1,0,0,0,1,3,0,1,0,5,168,0,0,8,0,0,142,Beckwourth,2021,Lassen,38921859
15,0,1,0,11,0,0,0,0,0,0,0,0,0,0,0,0,0,0,0,48,4,0,0,24,0,0,3,0,0,0,1,0,0,0,0,0,0,0,0,0,3,4,0,0,0,1,72,0,0,0,0,0,43,Beckwourth,2021,Plumas,23350366
10,1,1,0,0,0,0,0,0,0,0,0,0,0,0,0,0,0,0,0,0,0,0,0,0,0,0,0,0,0,0,0,211,8,0,0,1,0,0,0,0,0,0,0,0,0,0,225,0,0,0,0,0,7,Blue Ridge,2020,Orange,118386729
15,0,0,0,0,0,0,0,0,0,0,0,0,0,0,0,0,0,0,0,0,0,0,0,0,0,0,0,0,0,0,0,66,0,0,0,0,0,0,0,0,0,0,0,0,0,0,81,0,0,0,0,0,0,Blue Ridge,2020,San Bernardino,29840810
0,15,3,0,19,0,0,0,0,0,0,1,0,0,1,0,0,0,0,0,0,8,2,4,18,0,0,0,1,0,0,3,0,6,1,0,7,0,0,0,1,91,0,3,1,0,1,96,0,0,0,0,0,90,Bobcat,2020,Los Angeles,26458167
0,0,0,1,2,0,0,0,0,0,0,0,0,0,0,0,0,0,0,0,0,0,0,0,2,0,0,0,0,0,0,0,0,0,0,0,0,0,0,0,0,0,0,0,0,0,0,3,0,0,0,0,0,2,Bogus,2024,Siskiyou,446104
0,0,0,0,0,0,0,2,0,40,0,0,0,0,0,0,0,4,1,103,0,0,0,0,0,0,0,0,0,0,0,0,0,0,0,0,0,0,0,1,0,99,0,0,0,0,0,162,0,0,12,0,0,76,Boles,2014,Siskiyou,20315261
380,10,0,2,13,0,0,0,0,0,4,1,0,0,1,0,0,0,0,0,22,1,0,0,0,0,0,3,1,0,0,0,59,3,0,0,1,6,0,0,0,5,2,0,0,0,0,363,1,4,22,3,0,121,Bond,2020,Orange,104342527
13,0,0,0,1,0,0,0,0,0,0,0,0,0,0,0,0,0,0,0,0,0,0,0,2,0,0,0,0,0,0,0,0,0,0,0,0,0,0,0,0,0,0,0,0,0,0,14,0,0,0,0,0,2,Bonny,2023,Riverside,1087897
28,0,0,0,0,0,0,0,0,0,0,0,0,0,0,0,0,0,0,0,46,0,0,0,0,0,0,1,0,0,0,0,2,0,0,0,0,0,0,0,0,0,1,0,0,0,0,47,0,1,0,0,0,30,Boone,2024,Fresno,6844211
29,2,0,1,4,0,0,0,0,0,2,0,0,0,0,0,0,0,0,0,59,1,1,0,15,0,0,6,0,1,1,0,2,0,0,0,0,0,0,0,0,8,2,0,0,1,3,99,0,0,2,1,0,36,Border 32,2022,San Diego,17278535
141,14,2,0,95,0,0,0,0,0,2,0,0,0,0,0,0,0,0,0,105,5,3,3,102,0,0,4,0,1,0,9,1,0,0,0,3,0,0,0,0,11,0,1,0,0,3,305,0,1,6,4,0,189,Borel,2024,Kern,34675252
0,0,0,0,0,0,0,0,0,0,0,0,0,0,0,0,0,0,0,0,0,0,0,0,2,0,0,0,0,0,0,0,0,0,0,0,0,0,0,0,0,3,0,0,0,0,2,4,0,0,0,0,0,3,Branch,2020,San Luis Obispo,1232886
288,6,0,1,8,0,0,0,0,0,5,1,0,0,0,0,0,0,0,0,46,2,0,2,10,0,0,3,0,0,0,1,2,0,0,0,0,7,1,1,0,53,13,0,0,0,1,216,0,10,74,8,0,143,Bridge,2024,Los Angeles,37952933
371,2,0,0,0,0,0,0,0,0,11,0,0,0,0,0,0,0,0,0,49,1,0,0,3,0,0,1,0,0,0,0,2,0,0,0,0,1,0,0,0,5,4,0,0,0,0,269,1,2,19,4,0,155,Bridge,2024,San Bernardino,186350976
0,0,0,0,4,0,0,0,0,0,0,0,0,0,0,0,0,0,0,0,0,0,1,0,2,0,0,0,0,0,0,0,0,0,0,0,0,0,0,0,0,0,0,0,0,0,0,3,0,0,0,0,0,4,Broiler,2021,Mendocino,961775
0,0,0,0,1,0,0,0,0,0,0,0,0,0,0,0,0,0,0,0,0,0,0,0,1,0,0,0,0,0,0,0,0,0,0,0,0,0,0,0,0,0,0,0,0,0,0,1,0,0,1,0,0,0,Brownell,2020,Siskiyou,155760
5,0,0,0,0,0,0,0,0,0,0,0,0,0,0,0,0,0,0,0,13,0,0,0,3,0,0,0,0,0,0,0,0,0,0,0,0,0,0,0,0,0,0,0,0,0,0,11,0,0,8,0,0,2,Bullion,2024,Mariposa,1020570
0,0,0,0,0,0,3,2,1,112,0,0,0,0,0,0,19,2,3,683,0,0,0,0,0,0,0,0,0,0,0,0,0,0,0,0,0,0,0,2,0,40,0,0,0,0,0,515,0,0,4,0,0,348,Butte,2015,Calaveras,87243200
1,2,1,0,11,0,0,0,0,0,0,0,0,0,0,0,0,0,0,0,2,1,0,0,6,0,0,0,0,0,0,1,0,0,0,0,0,120,0,0,0,2,0,0,0,0,0,77,3,0,27,1,0,39,CZU Lightning Cmplx,2020,San Mateo,91442731
136,63,12,6,734,0,0,0,0,0,4,0,0,0,4,0,0,0,0,0,9,12,3,2,151,0,0,1,2,1,1,13,4,5,0,0,41,2611,1,0,0,141,3,1,1,0,36,2879,75,27,156,5,0,856,CZU Lightning Cmplx,2020,Santa Cruz,1225152011
6,2,1,0,11,0,0,0,0,0,0,0,0,0,0,0,0,0,0,0,13,2,1,0,30,0,0,4,0,0,0,0,0,0,0,0,0,1,1,0,0,17,0,0,0,0,0,83,0,1,0,0,0,5,Cache,2021,Lake,18407044
0,0,0,0,0,0,0,0,0,0,0,0,0,0,0,0,0,0,0,0,6,0,0,0,0,0,0,0,0,0,0,0,0,0,0,0,0,0,0,0,0,0,2,0,0,0,0,7,0,0,0,0,0,1,Caldor,2021,Alpine,228055
7,0,0,0,0,0,0,0,0,0,0,0,0,0,0,0,0,0,0,0,36,0,0,0,0,0,0,0,0,0,0,0,0,0,0,0,0,0,0,0,0,0,18,0,0,0,1,41,0,0,11,0,0,10,Caldor,2021,Amador,3678836
1737,22,8,3,486,0,0,0,0,0,9,0,0,1,6,0,0,0,0,0,1023,22,5,2,282,0,0,20,0,0,0,10,11,1,0,0,11,3,0,0,0,60,65,3,2,0,57,2962,13,3,87,6,0,778,Caldor,2021,El Dorado,1434094816
0,0,0,0,0,1,1,0,0,2,0,0,0,0,0,0,0,0,0,0,0,0,0,0,0,0,0,0,0,0,0,0,0,0,0,0,0,0,0,0,0,6,0,0,0,0,0,9,0,0,0,0,0,1,Calgary,2017,Kern,404406
0,1,0,0,1,0,0,0,0,0,0,0,0,0,0,0,0,0,0,0,0,0,0,0,1,0,0,0,0,0,0,0,0,0,0,0,0,0,0,0,0,0,0,0,0,0,0,1,0,0,0,0,0,2,Cameron,2020,El Dorado,244191
0,481,52,7,15389,0,0,0,0,0,0,3,1,0,65,0,0,0,0,0,0,76,46,15,2766,0,0,0,5,0,2,88,0,14,0,0,207,0,2,0,0,98,0,1,0,0,105,14144,300,13,559,10,0,4397,Camp,2018,Butte,5020713972
0,0,0,0,0,0,0,0,0,0,0,0,0,0,0,0,0,3,0,1,0,0,0,0,0,0,0,0,0,0,0,0,0,0,0,0,0,0,0,0,0,0,0,0,0,0,0,4,0,0,0,0,0,0,Canyon,2017,Riverside,1388786
6,0,0,0,0,0,0,0,0,0,0,0,0,0,0,0,0,0,0,0,1,0,0,0,0,0,0,0,0,0,0,0,0,0,0,0,0,0,0,0,0,0,0,0,0,0,0,6,0,0,0,0,0,1,Canyon,2024,Tuolumne,904442
0,0,0,0,0,0,2,3,0,0,0,0,0,0,0,0,16,19,8,24,0,0,0,0,0,0,0,0,0,0,0,0,0,0,0,0,0,0,1,2,0,5,0,0,0,0,0,57,0,0,2,0,0,21,Canyon 2,2017,Orange,60189447
0,0,0,0,1,0,0,0,0,0,0,0,0,0,0,0,0,0,0,0,0,0,0,0,0,0,0,0,0,0,0,0,0,0,0,0,0,0,0,0,0,0,0,0,0,0,0,1,0,0,0,0,0,0,Carder,2018,Lake,137113
0,116,13,8,826,0,0,0,0,0,0,7,0,1,51,0,0,0,0,0,0,19,4,7,389,0,0,0,1,1,0,4,0,41,9,3,190,0,0,0,0,10,0,4,0,0,26,1225,0,0,12,6,0,487,Carr,2018,Shasta,298743877
0,0,0,0,1,0,0,0,0,0,0,0,0,0,0,0,0,0,0,0,0,0,0,0,1,0,0,0,0,0,0,0,0,0,0,0,0,0,0,0,0,0,0,0,0,0,0,2,0,0,0,0,0,0,Carr,2018,Trinity,154922
0,0,0,0,2,0,0,0,0,0,0,0,0,0,0,0,0,0,0,0,0,0,0,0,0,0,0,0,0,0,0,0,0,0,0,0,0,0,0,0,0,0,0,0,0,0,2,3,0,0,0,0,0,1,Cartago,2024,Inyo,8290084
0,0,0,0,0,0,0,0,1,5,0,0,0,0,0,0,1,1,1,160,0,0,0,0,0,0,0,0,0,0,0,0,0,0,0,0,0,0,0,0,0,11,0,0,0,0,0,127,0,0,0,0,0,53,Cascade,2017,Yuba,23071091
0,0,0,0,0,0,0,0,0,0,0,0,0,0,0,0,0,0,0,3,0,0,0,0,0,0,0,0,0,0,0,0,0,0,0,0,0,0,0,0,0,0,0,0,0,0,0,0,0,0,0,0,0,3,Cathedral,2017,Mariposa,482588
0,0,0,0,0,0,0,0,0,0,0,0,0,0,0,0,0,1,0,2,0,0,0,0,0,0,0,0,0,0,0,0,0,0,0,0,0,0,0,0,0,0,0,0,0,0,0,2,0,0,0,0,0,1,Cherokee,2017,Butte,631583
0,0,0,0,0,0,0,0,0,14,0,0,0,0,0,0,5,1,1,52,0,0,0,0,0,0,0,0,0,0,0,0,0,0,0,0,0,0,0,0,0,1,0,0,0,0,0,50,0,0,0,0,0,24,Chimney,2016,San Luis Obispo,6349547
6,0,0,0,1,0,0,0,0,0,0,0,0,0,0,0,0,0,0,0,0,0,0,0,4,0,0,0,0,0,0,0,0,0,0,0,0,0,0,0,0,0,0,0,0,0,0,6,0,0,0,0,0,5,Circle,2024,Madera,1126590
0,0,0,0,0,0,6,0,3,83,0,0,0,0,0,0,2,10,5,151,0,0,0,0,0,0,0,0,0,0,0,0,0,0,0,0,0,0,0,0,0,47,0,0,0,0,0,197,0,0,15,0,0,95,Clayton,2016,Lake,19816703
0,0,0,0,0,0,0,0,0,0,31,1,0,0,3,0,0,0,0,0,1,0,0,0,0,0,0,1,0,0,0,0,69,8,2,0,17,0,0,0,0,0,0,0,0,0,0,131,0,0,1,0,0,1,Coastal,2022,Orange,81688341
0,0,0,0,0,0,0,0,0,0,0,0,0,0,0,0,0,0,0,0,0,0,0,0,1,0,0,0,0,0,0,0,0,0,0,0,0,0,0,0,0,0,1,0,0,0,0,1,0,0,0,0,0,1,Coffee Pot,2024,Tulare,0
4,0,0,0,0,0,0,0,0,0,0,0,0,0,0,0,0,0,0,0,5,1,0,0,0,0,0,2,0,0,0,1,0,0,0,0,0,1,0,0,0,0,1,0,0,0,0,13,0,0,0,1,0,1,Colorado,2022,Monterey,31185640
0,0,0,0,1,0,0,0,0,0,0,0,0,0,0,0,0,0,0,0,0,0,0,0,0,0,0,0,0,0,0,0,0,0,0,0,0,0,0,0,0,0,0,0,0,0,0,1,0,0,0,0,0,0,Colusa,2018,Butte,33614
0,0,0,0,1,0,0,0,0,0,0,0,0,0,1,0,0,0,0,0,0,0,1,1,0,0,0,0,0,0,0,0,0,0,0,0,0,0,0,0,0,0,0,0,0,0,0,2,0,0,0,0,0,2,Corral,2024,San Joaquin,1062841
1,0,0,0,0,0,0,0,0,0,0,0,0,0,0,0,0,0,0,0,0,0,0,0,0,0,0,0,0,0,0,0,1,0,0,0,0,0,0,0,0,0,0,0,0,0,0,1,0,0,0,0,0,1,County,2018,Napa,1590
16,0,0,0,0,0,0,0,0,0,0,0,0,0,0,0,0,0,0,0,39,0,0,0,3,0,0,8,0,0,0,0,8,0,0,0,0,0,0,0,0,1,1,0,0,0,1,44,0,0,2,0,0,31,County,2018,Yolo,19824913
0,0,0,0,0,0,0,0,0,0,0,0,0,0,0,0,0,0,0,0,0,0,0,0,0,0,0,0,0,0,0,0,0,0,0,0,0,0,0,0,0,2,0,0,0,0,0,1,0,0,0,0,0,1,County,2019,El Dorado,8536
0,1,0,0,0,0,0,0,0,0,0,0,0,0,0,0,0,0,0,0,0,0,0,0,0,0,0,0,0,0,0,0,0,0,0,0,0,0,0,0,0,2,0,0,0,0,0,1,0,0,0,0,0,2,Coyote,2023,San Diego,336138
0,0,0,0,1,0,0,0,0,0,0,0,0,0,0,0,0,0,0,0,1,0,0,0,0,0,0,0,0,0,0,0,0,0,0,0,0,0,0,0,0,0,1,0,0,0,0,3,0,0,0,0,0,0,Coyote ,2020,San Benito,225188
0,3,1,1,7,0,0,0,0,0,0,0,0,0,1,0,0,0,0,0,0,0,0,0,2,0,0,0,0,0,0,0,0,0,0,0,0,0,0,0,0,0,0,0,0,0,0,10,0,0,0,0,0,5,Cranston,2018,Riverside,2393469
0,0,0,0,0,0,0,1,1,6,0,0,0,0,0,0,31,19,4,103,0,0,0,0,0,0,0,0,0,0,0,0,0,0,0,0,0,0,0,0,0,9,0,0,0,0,0,104,0,0,6,0,0,64,Creek,2017,Los Angeles,79173387
0,0,0,0,5,0,0,0,0,0,0,0,0,0,0,0,0,0,0,0,0,0,0,0,1,0,0,0,0,0,0,0,0,0,0,0,0,0,0,0,0,0,0,0,0,0,0,3,0,0,0,0,0,3,Creek,2018,Shasta,483232
24,17,3,5,267,0,0,0,0,0,1,1,2,0,2,0,0,0,0,0,34,22,9,5,464,0,0,1,0,0,1,3,2,0,0,0,7,1862,1,0,0,3,1,0,0,0,37,1778,9,139,111,44,0,693,Creek,2020,Fresno,297698136
0,0,0,1,10,0,0,0,0,0,0,0,1,0,0,0,0,0,0,0,2,0,1,0,58,0,0,0,0,0,0,0,0,0,0,0,0,396,1,0,1,2,0,0,0,0,5,275,2,36,4,8,0,153,Creek,2020,Madera,33952960
0,0,0,0,2,0,0,0,0,0,0,0,0,0,0,0,0,0,0,0,0,0,0,0,0,0,0,0,0,0,0,0,0,0,0,0,0,0,0,0,0,0,0,0,0,0,0,2,0,0,0,0,0,0,Creekside,2021,Shasta,338264
0,0,0,0,1,0,0,0,0,0,0,0,0,0,0,0,0,0,0,0,0,0,0,0,1,0,0,0,0,0,0,0,0,0,0,0,0,0,0,0,0,0,0,0,0,0,0,1,0,0,0,0,0,1,Crews,2020,Santa Clara,1009068
2,0,0,0,2,0,0,0,0,0,0,0,0,0,0,0,0,0,0,0,1,0,0,0,0,0,0,0,0,0,0,0,0,0,0,0,0,0,0,0,0,0,0,0,0,0,0,4,0,0,0,0,0,1,Deer,2024,Tehama,604465
0,1,0,1,1,0,0,0,0,0,0,0,0,0,0,0,0,0,0,0,0,0,1,0,13,0,0,0,0,0,0,0,0,0,0,0,0,0,0,1,0,25,0,0,0,0,0,18,0,0,0,0,0,25,Delta,2018,Shasta,2887010
0,0,0,0,2,0,0,0,0,0,0,0,0,0,0,0,0,0,0,0,0,0,0,0,1,0,0,0,0,0,0,0,0,0,0,0,0,0,0,0,0,0,0,0,0,0,0,0,0,1,0,0,0,2,Dersch ,2020,Shasta,78030
0,0,0,0,0,0,0,0,0,8,0,0,0,0,0,0,13,4,2,98,0,0,0,0,0,0,0,0,0,0,0,0,0,0,0,0,0,0,0,0,0,12,0,0,0,0,0,72,0,0,1,0,0,64,Detwiler,2017,Mariposa,14054684
0,0,0,0,0,0,0,0,0,0,0,0,0,0,0,0,0,0,0,0,10,0,0,0,0,0,0,0,0,0,0,0,0,0,0,0,0,0,0,0,0,0,0,0,0,0,0,8,0,0,0,0,0,2,Dixie,2021,Butte,591659
125,5,0,0,13,0,0,0,0,0,0,0,0,0,0,0,0,0,0,0,170,2,0,0,32,0,0,1,0,0,0,0,4,0,0,0,0,0,0,0,0,1,2,0,0,0,0,186,0,0,0,0,0,169,Dixie,2021,Lassen,51054682
478,12,4,3,253,0,0,0,0,0,0,0,0,0,0,0,0,0,0,0,1111,30,8,2,765,0,0,20,1,0,1,20,0,0,0,0,4,0,0,0,0,8,24,0,0,0,25,1635,14,4,120,5,0,991,Dixie,2021,Plumas,443451655
16,1,0,0,2,0,0,0,0,0,0,0,0,0,0,0,0,0,0,0,59,2,0,1,19,0,0,4,0,0,0,0,0,0,0,0,0,0,0,0,0,2,1,0,0,0,1,39,0,1,18,0,0,50,Dixie,2021,Tehama,27248409
1,0,0,0,1,0,0,0,0,0,0,0,0,0,0,0,0,0,0,0,0,0,0,0,2,0,0,0,0,0,0,1,0,0,0,0,0,2,0,0,0,0,0,0,0,0,0,4,0,0,0,0,0,3,Dorvel,2020,Shasta,737019
0,0,0,0,0,0,0,0,0,0,0,0,0,0,0,0,0,0,0,0,0,0,0,0,0,0,0,0,0,0,0,0,0,0,0,0,0,0,0,0,0,0,0,0,0,0,1,0,0,0,0,0,0,1,Dutcher,2021,Sonoma,164755
5947,622,118,51,6783,1,0,0,0,0,168,24,6,1,66,0,0,0,0,0,75,9,2,2,129,0,1,31,2,2,1,15,1321,154,17,7,833,90,18,1,0,1419,21,1,1,0,48,11767,311,10,292,27,0,5580,Eaton,2025,Los Angeles,4759546163
0,0,0,0,0,0,0,0,0,0,0,0,0,0,0,0,0,0,0,0,0,0,0,0,0,0,0,0,0,0,0,0,0,0,0,0,0,0,0,2,0,13,0,0,0,0,0,5,0,0,0,0,0,10,El Dorado,2020,San Bernardino,3322047
1,0,0,0,0,0,0,0,0,0,0,0,0,0,0,0,0,0,0,0,0,0,0,0,0,0,0,0,0,0,0,0,15,0,0,0,0,0,0,0,0,0,0,0,0,0,0,16,0,0,0,0,0,0,Emerald,2022,Orange,13798505
0,0,0,0,0,0,0,0,0,15,0,0,0,0,0,0,15,4,2,328,0,0,0,0,0,0,0,0,0,0,0,0,0,0,0,0,0,0,0,0,0,45,0,0,0,0,0,296,0,0,1,0,0,112,Erskine,2016,Kern,22073732
0,0,0,0,0,3,1,1,0,0,0,0,0,0,0,7,0,0,0,3,0,0,0,0,0,0,0,0,0,0,0,0,0,0,0,0,0,0,0,0,0,0,0,0,0,0,0,11,0,0,0,0,0,4,Estate,2017,Solano,3089216
4,0,0,0,0,0,0,0,0,0,3,0,0,0,0,0,0,0,0,0,23,0,0,0,0,0,0,2,0,0,0,0,1,0,0,0,0,1,0,0,0,0,2,0,0,0,1,10,0,0,0,17,0,10,FKU June Lightning,2024,Fresno,5323268
188,5,1,0,14,0,0,0,0,0,1,0,0,0,2,0,0,0,0,0,80,1,0,0,13,0,0,2,0,0,0,0,35,0,0,0,3,0,0,0,0,1,6,1,0,0,1,185,2,3,10,3,0,151,Fairview,2022,Riverside,58036067
322,15,2,1,94,0,0,0,0,0,0,0,0,0,0,0,0,0,0,0,161,6,0,1,87,0,0,15,0,0,0,1,7,1,0,0,1,0,0,0,0,0,3,0,0,0,0,406,1,0,6,0,0,304,Fawn,2021,Shasta,131499179
0,0,0,0,0,0,0,0,0,1,0,0,0,0,0,0,0,0,0,0,0,0,0,0,0,0,0,0,0,0,0,0,0,0,0,0,0,0,0,0,0,0,0,0,0,0,0,0,0,0,0,0,0,1,Fay,2017,Siskiyou,23662
1,0,0,0,1,0,0,0,0,0,0,0,0,0,0,0,0,0,0,0,0,1,0,0,0,0,0,0,0,0,0,0,0,0,0,0,0,0,0,0,0,0,0,0,0,0,0,2,0,0,0,0,0,1,Fiddletown,2022,Amador,742008
0,1,0,0,1,0,0,0,0,0,0,0,0,0,0,0,0,0,0,0,0,0,0,0,1,0,0,0,0,0,0,0,0,0,0,0,1,0,0,0,0,0,0,0,0,0,0,3,0,0,0,0,0,1,Flats,2021,Riverside,255885
0,0,0,0,0,0,0,0,0,0,0,0,0,0,0,0,0,0,0,0,0,0,0,0,1,0,0,0,0,0,0,0,0,0,0,0,0,0,0,0,0,0,0,0,0,0,0,0,0,0,0,0,0,1,Flowers,2023,Shasta,28881
0,0,0,0,0,0,0,1,0,2,0,0,0,0,0,0,0,0,0,0,0,0,0,0,0,0,0,0,0,0,0,0,0,0,0,0,0,0,0,0,0,2,0,0,0,0,0,4,0,0,0,0,0,1,Foothill,2017,Lake,277812
1,0,0,0,0,0,0,0,0,0,0,0,0,0,0,0,0,0,0,0,1,0,0,0,0,0,0,0,0,0,0,0,0,0,0,0,0,0,0,0,0,0,0,0,0,0,0,0,0,0,2,0,0,0,Ford,2023,Tuolumne,45497
41,0,0,0,18,0,0,0,0,0,0,0,0,0,0,0,0,0,0,0,48,1,0,0,18,0,0,0,0,0,0,1,0,0,0,0,0,0,0,0,0,6,0,0,0,0,0,80,0,0,6,0,0,47,Fork,2022,Madera,10578994
183,6,3,0,6,0,0,0,0,0,23,2,2,1,0,0,0,0,0,0,133,4,2,2,1,0,0,17,0,0,0,3,267,4,0,2,4,46,0,0,0,5,11,0,0,0,1,378,67,0,108,17,0,158,Franklin,2024,Los Angeles,2316653680
0,0,1,0,0,0,0,0,0,0,0,0,0,0,0,0,0,0,0,0,0,0,0,0,1,0,0,0,0,0,0,0,0,0,0,0,0,0,0,0,0,0,0,0,0,0,0,1,0,0,0,0,0,1,Frazier,2018,Fresno,137860
128,1,0,0,13,0,0,0,0,0,2,0,0,0,0,0,0,0,0,0,44,1,1,1,9,0,0,0,0,0,0,0,0,0,0,0,0,0,0,0,1,4,0,0,0,0,0,162,0,0,1,1,0,41,French,2021,Kern,27314269
130,2,2,0,3,0,0,0,0,0,1,0,0,0,0,0,0,0,0,0,68,1,2,0,8,0,0,6,0,0,0,0,6,0,0,0,0,3,0,0,0,0,2,0,0,0,0,107,24,0,36,5,0,62,French,2024,Mariposa,40408232
0,10,0,2,11,0,0,0,0,0,0,2,1,0,0,0,0,0,0,0,0,0,0,0,0,0,0,0,0,0,0,1,0,4,0,0,0,0,0,0,0,1,0,0,0,0,0,25,0,0,3,0,0,4,Getty,2019,Los Angeles,243872168
867,57,10,1,382,0,0,0,0,0,31,3,1,1,2,0,0,0,0,0,444,32,3,1,422,0,0,51,6,0,0,12,166,18,3,1,34,37,2,2,0,16,30,3,0,1,23,1244,17,11,627,14,0,749,Glass,2020,Napa,22494223830
832,66,13,5,360,0,0,0,0,0,2,1,1,0,4,0,0,0,0,0,160,18,0,0,137,0,0,66,4,2,1,17,78,8,0,0,36,39,0,1,0,13,14,2,0,0,24,1111,78,6,79,7,0,623,Glass,2020,Sonoma,1606478179
1,0,0,0,0,0,0,0,0,0,0,0,0,0,0,0,0,0,0,0,6,0,3,1,8,0,0,0,0,0,0,2,0,0,0,0,0,7,0,0,0,0,2,0,1,0,0,20,0,1,0,0,0,10,Gold,2020,Lassen,6604236
0,0,0,0,0,0,0,0,0,1,0,0,0,0,0,0,0,1,0,7,0,0,0,0,0,0,0,0,0,0,0,0,0,0,0,0,0,0,0,0,0,1,0,0,0,0,0,5,0,0,0,0,0,5,Goose,2016,Fresno,554031
0,0,0,0,0,0,0,0,0,2,0,0,0,0,0,0,1,0,0,8,0,0,0,0,0,0,0,0,0,0,0,0,0,0,0,0,0,0,0,0,0,0,0,0,0,0,0,5,0,0,0,0,0,6,Grade,2016,Siskiyou,186211
1,0,0,1,2,0,0,0,0,0,0,0,0,0,0,0,0,0,0,0,1,0,0,0,1,0,0,0,0,0,0,0,0,0,0,0,0,0,0,0,0,0,0,0,0,0,0,3,0,0,0,0,0,3,Graham,2021,Tehama,664188
0,0,0,0,0,0,0,0,0,0,0,0,0,0,0,0,0,0,0,0,0,0,0,0,0,0,0,0,0,0,0,0,0,0,0,0,0,0,0,0,0,0,0,0,0,0,1,1,0,0,0,0,0,0,Grant,2018,Contra Costa,106255
0,0,0,0,0,0,0,0,0,0,0,0,0,0,0,0,0,0,0,0,0,0,0,1,0,0,0,0,0,0,0,0,0,0,0,0,0,0,0,0,0,0,0,0,0,0,0,0,0,0,0,0,0,1,Grant,2020,Sacramento,47940
0,0,0,0,0,0,0,0,0,0,0,0,0,0,0,0,0,0,0,0,1,1,0,0,0,0,0,0,0,0,1,0,1,0,1,0,0,0,0,0,0,0,0,0,0,0,0,0,0,0,0,0,0,5,Grant,2022,Sacramento,0
7,1,0,0,1,0,0,0,0,0,1,0,0,0,0,0,0,0,0,0,6,2,1,0,1,0,0,0,0,0,0,0,1,0,0,0,0,0,0,0,0,0,0,0,0,0,0,9,0,0,11,0,0,1,Gray,2023,Stanislaus,5235680
3,0,0,0,0,0,0,0,0,0,0,0,0,0,0,0,0,0,0,0,2,0,0,0,0,0,0,0,0,0,0,0,0,0,0,0,0,0,0,0,0,0,0,0,0,0,0,2,0,0,0,0,0,3,Gulch,2024,Madera,1153240
4,0,0,0,3,0,0,0,0,0,0,0,0,0,0,0,0,0,0,0,10,2,0,1,5,0,0,0,0,0,0,0,0,0,0,0,0,0,0,0,0,0,0,0,0,0,0,16,0,0,0,0,0,9,Happy Camp Complex,2023,Siskiyou,3934372
1,0,0,0,0,0,0,0,0,0,0,0,0,0,0,0,0,0,0,0,0,0,0,0,0,0,0,0,0,0,0,0,0,0,0,0,0,0,0,0,0,0,0,0,0,0,0,1,0,0,0,0,0,0,Harney,2023,Tuolumne,209511
0,0,0,0,0,0,0,1,0,23,0,0,0,0,0,0,2,3,1,38,0,0,0,0,0,0,0,0,0,0,0,0,0,0,0,0,0,0,0,0,0,21,0,0,0,0,0,69,0,0,0,0,0,20,Helena,2017,Trinity,11253031
0,0,0,0,0,0,0,0,0,0,0,0,0,0,0,0,0,0,0,0,0,0,0,0,1,0,0,0,0,0,0,0,0,0,0,0,0,0,0,0,0,0,0,0,0,0,0,1,0,0,0,0,0,0,Hesperia,2023,Monterey,144391
0,0,0,0,0,0,0,0,0,0,0,0,0,0,0,0,0,0,0,0,0,0,0,0,1,0,0,0,0,0,0,0,0,0,0,0,0,0,0,0,0,0,0,0,0,0,0,1,0,0,0,0,0,0,High,2019,Siskiyou,15000
26,3,0,0,13,0,0,0,0,0,2,0,0,0,0,0,0,0,0,0,6,2,0,0,7,0,0,2,1,0,0,0,1,0,0,0,0,0,0,0,0,0,1,0,0,0,0,45,0,0,0,0,0,19,Highland,2023,Riverside,7770404
0,0,0,0,0,0,0,0,0,0,0,0,0,0,0,0,0,0,0,0,0,0,0,0,0,0,0,0,0,0,0,0,0,0,0,0,0,0,0,0,0,1,0,0,0,0,0,1,0,0,0,0,0,0,Hill,2017,San Luis Obispo,664343
0,1,0,1,1,0,0,0,0,0,0,0,0,0,0,0,0,0,0,0,0,0,0,0,2,0,0,0,0,0,0,0,0,0,0,0,0,0,0,0,0,1,0,0,0,0,0,4,0,0,1,0,0,1,Hill,2018,Ventura,522893
3,0,0,0,0,0,0,0,0,0,0,0,0,0,0,0,0,0,0,0,8,0,0,0,1,0,0,0,0,0,0,0,0,0,0,0,0,0,0,0,0,0,1,0,0,0,0,8,0,0,0,0,0,5,Hill,2024,Humboldt,536862
0,0,0,0,0,0,0,0,0,0,0,0,0,0,0,0,0,0,0,0,0,0,0,0,0,0,0,0,0,0,0,0,0,0,0,0,0,0,0,0,0,0,0,0,0,0,1,0,0,0,0,0,0,1,Hog,2020,Lassen,76318
0,0,1,2,10,0,0,0,0,0,0,0,0,0,2,0,0,0,0,0,0,0,0,0,8,0,0,0,0,0,0,0,0,0,0,0,2,0,0,0,0,2,0,0,0,0,0,13,0,0,0,0,0,14,Holiday,2018,Santa Barbara,14973534
0,5,0,0,2,0,0,0,0,0,0,1,0,0,0,0,0,0,0,0,0,3,0,0,6,0,0,0,1,0,0,2,0,6,1,0,1,0,0,0,0,1,0,0,0,0,0,15,0,0,2,2,0,10,Holy,2018,Riverside,10629239260
0,0,0,0,1,0,0,0,0,0,0,0,0,0,0,0,0,0,0,0,0,0,0,0,0,0,0,0,0,0,0,0,0,0,0,0,0,0,0,0,0,0,0,0,0,0,0,0,0,0,0,0,0,1,Homestead,2020,Shasta,291828
21,0,0,0,19,0,0,0,0,0,0,0,0,0,0,0,0,0,0,0,7,1,0,0,18,0,0,0,0,0,1,0,1,3,0,0,2,0,0,0,0,2,0,0,0,0,0,51,0,0,3,0,0,21,Hopkins,2021,Mendocino,16946341
0,0,0,0,0,0,0,0,0,0,0,0,0,0,0,0,0,0,0,0,0,0,0,0,0,0,0,0,0,0,0,0,0,0,0,0,0,0,0,0,0,0,0,0,0,0,2,0,0,0,0,0,0,2,Horse,2018,Calaveras,586091
3,2,0,0,8,0,0,0,0,0,0,0,0,0,0,0,0,0,0,0,0,0,1,0,0,0,0,0,0,0,0,0,0,0,0,0,0,0,0,0,0,0,0,0,0,0,0,3,0,0,0,0,0,11,Horseshoe,2024,Inyo,1633931
1,0,0,0,2,0,0,0,0,0,0,0,0,0,0,0,0,0,0,0,0,0,0,0,2,0,0,0,0,0,0,0,0,0,0,0,0,0,0,0,0,0,0,0,0,0,0,2,0,0,0,0,0,3,Hyatt,2018,Lassen,124875
0,0,0,0,1,0,0,0,0,0,0,0,0,0,0,0,0,0,0,0,0,0,0,0,1,0,0,0,0,0,0,0,0,0,0,0,0,0,0,0,0,0,0,0,0,0,0,1,0,0,0,0,0,1,Intanko,2021,Yuba,236048
0,0,0,0,0,0,0,0,0,0,0,0,0,0,0,0,0,0,0,0,0,1,0,0,1,0,0,0,0,0,0,0,0,0,0,0,0,0,0,0,0,0,0,0,0,0,0,1,0,0,0,0,0,1,Irish,2018,Amador,558262
9,0,0,0,0,0,0,0,0,0,0,0,0,0,0,0,0,0,0,0,0,0,0,0,0,0,0,0,0,0,0,0,0,0,0,0,0,0,0,0,0,0,0,0,0,0,0,7,0,0,0,0,0,2,John,2023,Calaveras,2093153
8,0,0,0,0,0,0,0,0,0,0,0,0,0,0,0,0,0,0,0,0,0,0,0,0,0,0,0,0,0,0,0,0,0,0,0,0,0,0,0,0,0,0,0,0,0,0,8,0,0,0,0,0,0,John 2,2023,Calaveras,1415265
0,0,0,0,0,0,0,0,0,0,0,0,0,0,0,0,0,0,0,0,0,0,0,0,1,0,0,0,0,0,0,0,0,0,0,0,0,0,0,0,0,0,0,0,0,0,0,0,0,0,0,0,0,1,Jones,2020,Napa,13591
12,0,3,0,6,0,0,0,0,0,0,0,0,0,0,0,0,0,0,0,3,0,0,0,7,0,0,0,0,0,0,1,0,0,0,0,1,0,0,0,0,1,0,0,0,0,0,29,0,0,1,0,0,4,Jones,2020,Nevada,11642411
3,0,0,1,1,0,0,0,0,0,0,0,0,0,0,0,0,0,0,0,0,0,0,0,0,0,0,0,0,0,0,0,0,0,0,0,0,0,0,0,0,1,0,0,0,0,0,2,0,0,0,0,0,4,Junes,2024,Butte,540108
32,22,5,1,155,0,0,0,0,0,2,1,0,0,3,0,0,0,0,0,10,8,5,3,143,0,0,1,0,0,0,4,4,7,2,2,16,1026,1,0,0,0,0,1,1,0,16,1065,5,13,69,4,0,315,Kincade,2019,Sonoma,1996820225
0,0,0,0,0,0,0,0,0,0,0,0,0,0,0,0,0,0,0,0,1,0,0,0,0,0,0,0,0,0,0,0,0,0,0,0,0,0,0,0,0,0,0,0,0,0,0,1,0,0,0,0,0,0,King,2023,Madera,92750
0,5,2,1,32,0,0,0,0,0,0,0,0,0,0,0,0,0,0,0,0,2,1,1,41,0,0,0,0,0,0,3,0,0,0,0,0,0,0,0,0,2,0,0,0,0,5,39,1,0,3,1,0,51,Klamathon,2018,Siskiyou,8407041
3,0,0,0,2,0,0,0,0,0,0,0,0,0,0,0,0,0,0,0,2,0,0,0,3,0,0,0,0,0,0,0,0,0,0,0,0,24,0,0,0,0,1,0,0,0,0,25,0,0,0,0,0,10,LNU Lightning Cmplx,2020,Lake,5531468
91,28,8,3,225,0,0,0,0,0,0,0,0,0,1,0,0,0,0,0,27,8,0,0,109,0,0,1,1,0,0,5,8,4,0,0,19,1007,1,0,0,22,2,1,0,0,6,1046,8,6,37,6,0,474,LNU Lightning Cmplx,2020,Napa,915435728
69,36,6,2,323,0,0,0,0,0,1,1,0,1,6,0,0,0,0,0,45,25,12,10,204,0,0,2,1,0,0,8,20,24,1,1,84,1176,5,0,0,9,2,0,0,0,30,993,3,3,27,16,0,1062,LNU Lightning Cmplx,2020,Solano,868259444
8,8,0,0,139,0,0,0,0,0,0,2,0,0,2,0,0,0,0,0,5,5,2,0,99,0,0,0,0,1,0,3,1,0,0,0,9,472,0,0,0,4,0,0,1,0,11,398,2,2,3,4,0,363,LNU Lightning Cmplx,2020,Sonoma,303453326
0,4,0,0,9,0,0,0,0,0,0,0,0,0,0,0,0,0,0,0,1,2,0,0,10,0,0,0,0,0,0,0,0,0,0,0,0,110,0,0,0,1,0,0,0,0,0,60,0,1,3,0,0,73,LNU Lightning Cmplx,2020,Yolo,48074773
0,0,0,0,0,0,0,0,0,0,0,0,0,0,0,0,0,0,0,0,0,0,0,0,0,0,0,0,0,0,0,0,0,0,0,0,0,0,0,0,0,1,0,0,0,0,0,0,0,0,0,0,0,1,Lake,2020,Humboldt,50861
0,0,2,1,2,0,0,0,0,0,0,0,0,0,0,0,0,0,0,0,0,0,0,0,4,0,0,0,0,1,0,2,0,0,0,0,1,0,0,0,1,17,0,1,0,0,0,12,0,0,0,0,0,20,Lake,2020,Los Angeles,2981307
0,0,0,0,0,0,0,0,0,5,0,0,0,0,0,0,0,2,0,29,0,0,0,0,0,0,0,0,0,0,0,0,0,0,0,0,0,0,0,0,0,7,0,0,0,0,0,29,0,0,1,0,0,13,Laporte,2017,Butte,3305473
0,0,0,0,0,0,0,0,0,0,0,0,0,0,0,0,0,0,0,1,0,0,0,0,0,0,0,0,0,0,0,0,0,0,0,0,0,0,0,0,0,0,0,0,0,0,0,1,0,0,0,0,0,0,Laporte,2017,Yuba,30969
9,1,1,0,8,0,0,0,0,0,0,0,0,0,0,0,0,0,0,0,9,2,1,2,30,0,0,0,0,0,0,0,0,0,0,0,0,0,0,0,0,4,0,0,0,0,0,38,0,0,0,0,0,29,Laura 2,2020,Lassen,4432227
4,1,0,0,9,0,0,0,0,0,0,0,0,0,0,0,0,0,0,0,4,0,0,0,5,0,0,0,0,0,0,1,0,0,0,0,0,0,0,0,0,0,2,0,0,0,0,14,0,0,0,0,0,12,Lava,2021,Siskiyou,2235756
0,0,0,0,0,0,3,0,0,4,0,0,0,0,0,0,0,1,0,8,0,0,0,0,0,0,0,0,0,0,0,0,0,0,0,0,0,0,1,0,0,15,0,0,0,0,0,14,0,0,0,0,0,18,Laverne,2017,Shasta,2741991
1,0,0,0,0,0,0,0,0,0,0,0,0,0,0,0,0,0,0,0,1,0,0,0,0,0,0,0,0,0,0,0,0,0,0,0,0,0,0,0,0,0,0,0,0,0,0,2,0,0,0,0,0,0,Leonard,2023,Calaveras,248000
4,1,0,0,2,0,0,0,0,0,0,0,0,0,0,0,0,0,0,0,3,0,0,0,4,0,0,0,0,0,0,0,1,0,0,0,0,1,0,0,0,0,0,0,0,0,0,10,0,0,0,0,0,6,Liberty,2024,San Joaquin,4318723
0,0,0,0,0,0,1,0,1,11,0,0,0,0,0,0,32,23,4,133,0,0,0,0,0,0,0,0,0,0,0,0,0,0,0,0,0,0,1,0,0,15,0,0,0,0,0,168,0,0,2,0,0,51,Lilac,2017,San Diego,1254856838
146,0,1,0,1,0,0,0,0,0,8,1,0,0,0,0,0,0,0,0,23,1,0,0,0,0,0,5,0,0,1,1,147,1,0,0,0,3,0,0,0,0,1,0,0,0,0,270,1,14,13,18,0,24,Line,2024,San Bernardino,156487621
0,0,0,0,0,0,0,1,0,1,0,0,0,0,0,0,0,1,0,29,0,0,0,0,0,0,0,0,0,0,0,0,0,0,0,0,0,0,0,0,0,13,0,0,0,0,0,25,0,0,0,0,0,20,Lobo,2017,Nevada,6399342
0,0,0,0,0,0,0,0,1,13,0,0,0,0,0,0,0,0,0,12,0,0,0,0,0,0,0,0,0,0,0,0,0,0,0,0,0,0,0,0,0,3,0,0,0,0,0,13,0,0,0,0,0,16,Loma,2016,Santa Clara,814688
0,0,0,0,0,0,0,0,0,0,0,0,0,0,0,0,0,0,0,0,0,0,0,0,2,0,0,0,0,0,0,0,0,0,0,0,0,0,0,0,0,0,0,0,0,0,0,1,0,0,0,0,0,1,Long,2023,Fresno,30898
2,0,0,0,1,0,0,0,0,0,0,0,0,0,0,0,0,0,0,0,4,0,0,0,1,0,0,0,0,0,0,0,0,0,0,0,0,0,0,0,0,0,0,0,0,0,0,4,0,0,0,0,0,4,Lower,2024,Shasta,2292866
0,1,0,0,3,0,0,0,0,0,0,0,0,0,0,0,0,0,0,0,1,0,0,0,2,0,0,0,0,0,0,0,0,0,0,0,0,0,0,0,0,0,0,0,0,0,0,1,0,0,0,0,0,6,Mallard,2021,Shasta,232386
0,0,0,0,1,0,0,0,0,0,0,0,0,0,0,0,0,0,0,0,0,0,0,0,3,0,0,0,0,0,0,0,0,0,0,0,0,0,0,0,0,0,0,0,0,0,0,1,0,0,0,0,0,3,Maria,2019,Ventura,1061756
0,0,0,0,0,0,0,0,0,0,0,0,0,0,0,0,0,0,0,0,0,0,0,0,0,0,0,0,0,0,0,0,0,0,0,0,0,0,0,0,0,1,0,0,0,0,0,1,0,0,0,0,0,0,Marsh,2018,Contra Costa,434933
0,0,0,0,0,0,0,0,0,0,0,0,0,0,0,0,0,0,0,0,0,0,0,0,2,0,0,0,0,0,0,0,0,0,0,0,0,0,0,0,0,0,0,0,0,0,0,1,0,0,0,0,0,1,Marshall,2022,El Dorado,97696
0,0,0,0,0,0,0,0,0,0,0,0,0,0,0,0,0,1,0,13,0,0,0,0,0,0,0,0,0,0,0,0,0,0,0,0,0,0,0,0,0,0,0,0,0,0,0,7,0,0,0,0,0,7,McCourtney,2017,Nevada,2336545
0,0,0,0,0,0,0,0,0,0,0,0,0,0,0,0,0,0,0,0,0,0,0,0,0,0,0,0,0,0,0,0,0,0,0,0,0,0,0,0,0,2,0,0,0,0,0,2,0,0,0,0,0,0,McFarland,2021,Shasta,20240
23,1,0,0,3,0,0,0,0,0,0,0,0,0,0,0,0,0,0,0,43,0,0,0,9,0,0,2,0,0,0,0,0,0,0,0,0,0,0,0,0,2,0,0,0,0,0,51,0,0,0,0,0,32,McFarland,2021,Tehama,21798255
47,1,3,0,62,0,0,0,0,0,1,0,0,0,0,0,0,0,0,0,88,5,1,0,107,0,0,0,0,1,0,1,0,0,0,0,0,0,0,0,0,4,1,0,0,0,5,197,1,1,8,1,0,119,McKinney,2022,Siskiyou,34310462
0,0,0,0,0,0,0,0,0,0,0,0,0,0,0,0,0,0,0,0,0,0,0,0,1,0,0,0,0,0,0,0,0,0,0,0,0,0,0,0,0,0,0,0,0,0,0,0,0,0,0,0,0,1,McLane,2022,Tehama,30600
0,0,0,0,3,0,0,0,0,0,0,0,0,0,0,0,0,0,0,0,0,0,0,0,0,0,0,0,0,0,0,0,0,0,0,0,0,0,0,0,0,0,0,0,0,0,1,3,0,0,0,0,0,1,Meyers,2018,El Dorado,659079
111,12,3,2,93,0,0,0,0,0,0,0,0,0,1,0,0,0,0,0,9,2,1,0,7,0,0,0,0,0,0,0,1,0,0,0,1,0,0,0,0,0,1,0,0,0,3,192,0,0,3,0,0,52,Mill,2022,Siskiyou,36935882
1,0,0,0,0,0,0,0,0,0,0,0,0,0,0,0,0,0,0,0,0,0,0,0,0,0,0,0,0,0,0,0,0,0,0,0,0,0,0,0,0,0,0,0,0,0,0,1,0,0,0,0,0,0,Milton,2023,Calaveras,343118
0,0,0,0,0,0,0,0,0,0,0,0,0,0,0,0,3,1,0,5,0,0,0,0,0,0,0,0,0,0,0,0,0,0,0,0,0,0,0,0,0,1,0,0,0,0,0,7,0,0,0,0,0,3,Mission,2017,Madera,2084488
0,0,0,0,0,0,0,0,0,0,0,0,0,0,0,0,0,0,0,0,0,0,1,0,0,0,0,0,0,0,0,0,0,0,0,0,0,0,0,0,0,0,0,0,0,0,0,0,0,0,0,0,0,1,Montaire,2020,El Dorado,184349
0,1,0,0,0,0,0,0,0,0,0,0,0,0,0,0,0,0,0,0,1,0,0,0,0,0,0,0,0,0,0,0,0,0,0,0,0,0,0,0,0,0,0,0,0,0,0,2,0,0,0,0,0,0,Montero,2024,Calaveras,695366
93,1,1,0,10,0,0,0,0,0,0,0,0,0,0,0,0,0,0,0,111,0,0,0,13,0,0,2,0,0,0,2,0,0,0,0,0,0,0,0,0,0,6,0,0,0,0,136,0,5,6,0,0,92,Monument,2021,Trinity,48074370
87,3,1,0,22,0,0,0,0,0,1,0,0,0,0,0,0,0,0,0,67,2,0,1,14,0,0,5,0,0,0,1,1,0,0,0,0,1,0,0,0,1,2,0,0,0,1,114,0,0,1,2,0,93,Mosquito,2022,El Dorado,27438952
183,3,0,0,10,0,0,0,0,0,10,1,0,0,0,0,0,0,0,0,185,3,0,0,25,0,0,18,0,0,0,2,8,0,0,0,0,2,0,0,0,1,4,0,0,0,1,252,1,1,45,14,0,143,Mosquito,2022,Placer,85363563
22,4,0,0,8,0,0,0,0,0,0,0,0,0,0,0,0,0,0,0,12,0,1,1,5,0,0,0,0,0,0,1,0,0,0,0,0,1,0,0,0,0,0,0,0,0,0,35,0,0,0,0,0,20,Mountain,2019,Shasta,5266033
2,0,0,0,1,0,0,0,0,0,0,0,0,0,0,0,0,0,0,0,3,0,0,0,2,0,0,0,0,0,0,0,0,0,0,0,0,0,0,0,0,0,0,0,0,0,1,4,0,0,0,0,0,5,Mountain,2022,Siskiyou,1334078
605,33,12,3,83,0,0,0,0,0,41,0,0,0,7,0,0,0,0,0,190,7,2,3,33,0,0,21,1,1,0,2,590,42,13,7,78,3,0,1,0,35,9,1,0,0,5,1227,16,2,58,34,0,491,Mountain,2024,Ventura,932210808
0,0,0,1,1,0,0,0,0,0,0,0,0,0,0,0,0,0,0,0,0,0,0,0,2,0,0,0,0,0,0,0,0,0,0,0,0,0,0,0,0,0,0,0,0,0,0,1,0,0,0,0,0,3,Nelda,2022,Sacramento,170628
9,0,1,0,3,0,0,0,0,0,0,0,0,0,0,0,0,0,0,0,1,0,0,0,0,0,0,0,0,0,0,0,0,0,0,0,0,0,0,0,0,0,0,0,0,0,0,14,0,0,0,0,0,0,Nelson,2020,Butte,1863287
0,0,0,0,0,0,0,0,0,0,0,0,0,0,0,0,0,0,0,0,0,1,0,0,0,0,0,0,0,0,0,0,0,0,0,0,0,0,0,0,0,0,0,0,0,0,0,1,0,0,0,0,0,0,Nicolaus,2018,Placer,25339
31,2,0,1,13,0,0,0,0,0,1,0,0,0,0,0,0,0,0,0,34,1,1,0,20,0,0,0,0,0,0,0,0,0,0,0,0,0,0,0,0,2,3,0,0,0,5,70,0,0,0,0,0,44,Nixon,2024,Riverside,12608046
292,39,4,0,1073,0,0,0,0,0,5,1,1,0,8,0,0,0,0,0,255,46,9,7,837,0,0,36,3,1,3,237,4,0,0,0,10,62,4,0,0,77,2,0,0,0,68,1940,0,0,77,25,0,1042,North Complex,2020,Butte,476651340
12,0,0,0,3,0,0,0,0,0,0,0,0,0,0,0,0,0,0,0,55,1,0,0,10,0,0,0,0,0,0,0,0,0,0,0,0,0,0,0,0,8,2,0,0,0,4,35,0,0,4,6,0,50,North Complex,2020,Plumas,8195133
0,0,0,0,0,2,0,0,0,5,0,0,0,0,0,2,5,3,3,137,0,0,0,0,0,0,0,0,0,0,0,0,0,0,0,0,0,2,7,2,0,75,0,0,0,0,0,107,0,0,5,0,0,131,Nuns,2017,Napa,143064585
0,0,0,0,0,3,13,1,3,83,0,0,0,0,0,9,69,21,6,639,0,0,0,0,0,0,0,0,0,0,0,0,0,0,0,0,0,9,20,1,3,408,0,0,0,0,0,637,0,0,34,0,0,617,Nuns,2017,Sonoma,656226219
29,0,0,0,9,0,0,0,0,0,1,0,0,0,0,0,0,0,0,0,17,1,0,0,16,0,0,2,0,0,0,3,0,0,0,0,0,12,0,0,0,1,1,0,0,0,1,55,0,0,0,0,0,38,Oak,2020,Mendocino,8500895
236,6,1,2,96,0,0,0,0,0,2,0,0,0,0,0,0,0,0,0,171,0,1,0,82,0,0,1,0,0,0,1,5,0,0,0,4,0,0,0,0,2,1,0,0,0,6,410,0,0,15,1,0,191,Oak,2022,Mariposa,100517053
0,0,1,0,1,0,0,0,0,0,0,0,0,0,0,0,0,0,0,0,2,0,0,0,0,0,0,0,0,0,0,0,0,0,0,0,0,0,0,0,0,0,0,0,0,0,0,2,0,0,0,0,0,2,Olinda,2024,Shasta,91122
1,0,0,0,0,0,0,0,0,0,0,0,0,0,0,0,0,0,0,0,0,0,0,0,0,0,0,1,0,0,0,0,0,0,0,0,0,0,0,0,0,0,0,0,0,0,0,2,0,0,0,0,0,0,Oliveira,2023,Calaveras,499742
1,1,2,0,0,0,0,0,0,0,0,0,0,0,0,0,0,0,0,0,0,1,1,0,0,0,0,0,0,0,0,0,0,0,0,0,0,0,0,0,0,1,0,0,0,0,0,5,0,0,0,0,0,2,Omega,2018,El Dorado,1113940
0,0,0,0,0,0,0,0,0,2,0,0,0,0,0,0,0,0,0,5,0,0,0,0,0,0,0,0,0,0,0,0,0,0,0,0,0,0,0,0,0,0,0,0,0,0,0,5,0,0,0,0,0,2,Owens River,2016,Mono,3877642
0,0,0,0,0,0,0,0,0,0,0,0,0,0,0,0,0,0,0,0,0,0,0,0,1,0,0,0,0,0,0,0,0,0,0,0,0,0,0,0,0,0,0,0,0,0,0,0,0,0,0,0,0,1,Pablo,2019,San Luis Obispo,15712
1909,393,96,39,4281,0,0,0,0,0,86,19,5,1,78,0,0,0,0,0,231,49,9,4,282,0,0,54,15,1,1,13,1613,199,43,18,1420,116,22,6,3,557,25,2,2,0,18,9332,388,11,212,8,0,1659,Palisades,2025,Los Angeles,17750929514
521,16,8,0,206,0,0,0,0,0,4,1,0,1,0,0,0,0,0,0,311,11,2,7,187,1,0,9,0,0,0,9,38,1,0,0,13,0,0,0,0,17,10,2,0,0,8,751,8,0,24,13,0,587,Park,2024,Butte,253837679
108,1,0,0,54,0,0,0,0,0,3,1,0,0,0,0,0,0,0,0,306,2,2,2,184,0,0,3,0,0,0,6,0,0,0,0,4,5,0,0,0,21,3,0,0,0,4,382,9,0,28,15,0,275,Park,2024,Tehama,46446206
0,0,1,0,0,0,0,0,0,0,0,0,0,0,0,0,0,0,0,0,0,0,0,0,0,0,0,0,0,0,0,0,0,0,0,0,0,0,0,0,0,0,0,0,0,0,0,1,0,0,0,0,0,0,Patricia,2024,Shasta,64465
0,1,2,0,18,0,0,0,0,0,0,0,0,0,0,0,0,0,0,0,1,0,1,0,1,0,0,0,0,0,0,0,0,2,0,0,0,0,0,0,0,0,0,0,0,0,0,15,0,0,0,0,0,11,Pawnee,2018,Lake,2312238
5,3,0,0,0,0,0,0,0,0,0,0,0,0,0,0,0,0,0,0,33,3,1,3,1,0,0,0,0,0,0,0,0,0,0,0,0,0,0,0,0,0,0,0,0,0,0,8,0,0,40,0,0,1,Pay,2024,El Dorado,3020502
0,0,0,0,1,0,0,0,0,0,0,0,0,0,0,0,0,0,0,0,0,0,0,0,0,0,0,0,0,0,0,0,0,0,0,0,0,0,0,0,0,0,0,0,0,0,0,1,0,0,0,0,0,0,Peach,2021,Shasta,62326
0,0,0,0,0,0,0,0,0,0,0,0,0,0,0,0,0,0,0,4,0,0,0,0,0,0,0,0,0,0,0,0,0,0,0,0,0,0,0,0,0,0,0,0,0,0,0,2,0,0,0,0,0,2,Peak,2017,Mariposa,69619
4,0,0,0,1,0,0,0,0,0,0,0,0,0,0,0,0,0,0,0,1,0,0,0,5,0,0,0,0,0,0,0,1,0,0,0,0,0,0,0,0,0,0,0,0,0,0,8,0,0,0,0,0,4,Pebble,2022,Fresno,579253
9,0,0,0,2,0,0,0,0,0,0,0,0,0,0,0,0,0,0,0,19,0,0,0,0,0,0,3,0,0,0,0,0,0,0,0,0,0,0,0,0,0,0,0,0,0,0,21,0,0,0,0,0,12,Pedro,2024,Mariposa,4928456
1,0,0,0,0,0,0,0,0,0,0,0,0,0,0,0,0,0,0,0,1,0,0,0,0,0,0,0,0,0,0,0,0,0,0,0,0,0,0,0,0,0,0,0,0,0,0,2,0,0,0,0,0,0,Pedro,2024,Tuolumne,11552
30,2,0,1,7,0,0,0,0,0,0,0,0,0,0,0,0,0,0,0,16,0,0,1,9,0,0,1,0,0,0,0,3,0,0,0,0,0,0,0,0,0,0,0,0,0,0,39,0,0,0,0,0,31,Peter,2022,Shasta,13016776
0,0,0,0,0,0,0,0,0,0,0,0,0,0,0,0,0,0,0,0,0,0,0,1,0,0,0,0,0,0,0,0,0,0,0,0,0,0,0,0,0,0,0,0,0,0,0,1,0,0,0,0,0,0,Pine Flat,2021,Fresno,45534
0,0,0,0,0,0,0,0,0,0,0,0,0,0,0,0,1,0,0,1,0,0,0,0,0,0,0,0,0,0,0,0,0,0,0,0,0,0,0,0,0,0,0,0,0,0,0,2,0,0,0,0,0,0,Pleasant,2017,Nevada,258047
0,0,0,0,1,0,0,0,0,0,0,0,0,0,0,0,0,0,0,0,0,0,0,0,0,0,0,0,0,0,0,0,0,0,0,0,0,0,0,0,0,0,0,0,0,0,0,1,0,0,0,0,0,0,Plumas,2021,Tehama,103361
0,0,0,0,0,0,0,0,0,0,0,0,0,0,0,2,1,1,0,6,0,0,0,0,0,0,0,0,0,0,0,0,0,0,0,0,0,0,0,0,0,0,0,0,0,0,0,4,0,0,2,0,0,4,Pocket,2017,Sonoma,9080381
11,1,0,1,6,0,0,0,0,0,0,0,0,0,0,0,0,0,0,0,32,2,0,0,3,0,0,0,0,0,0,0,1,0,0,0,0,2,0,0,0,1,0,0,0,0,0,27,0,0,6,0,0,27,Point,2024,Sonoma,68263493
0,0,0,0,0,0,0,0,0,0,0,0,0,0,0,0,0,0,0,0,0,0,0,0,0,0,0,0,0,0,0,0,0,0,0,0,0,0,0,0,0,1,0,0,0,0,0,0,0,0,1,0,0,0,Pond,2020,San Benito,2541967
0,0,0,0,0,0,0,0,0,0,0,0,0,0,0,0,0,0,0,0,0,0,0,0,2,0,0,0,0,0,0,0,0,1,0,0,0,0,0,0,0,0,0,0,0,0,1,2,0,0,0,0,0,2,Pond,2020,San Luis Obispo,3975383
0,0,0,0,0,0,0,0,0,3,0,0,0,0,0,2,0,0,0,7,0,0,0,0,0,0,0,0,0,0,0,0,0,0,0,0,0,0,0,0,0,0,0,0,0,0,0,4,0,0,0,0,0,8,Ponderosa,2017,Butte,850595
27,0,0,0,1,0,0,0,0,0,1,1,0,0,0,0,0,0,0,0,10,0,1,1,1,0,0,1,0,0,1,0,3,0,0,0,0,0,0,0,1,0,0,0,0,0,0,15,0,0,5,2,0,27,Post,2024,Los Angeles,267007
0,0,0,0,0,0,0,0,0,0,0,0,0,0,0,0,0,0,0,0,0,0,0,0,0,0,0,0,0,0,0,0,1,0,1,0,1,0,0,0,0,0,0,0,0,0,0,0,0,0,0,0,0,3,Post,2024,Ventura,0
0,0,0,0,0,0,0,0,0,0,0,0,0,0,0,0,0,0,0,0,0,0,0,1,0,0,0,0,0,0,0,0,0,0,0,0,0,0,0,0,0,4,0,0,0,0,0,1,0,0,0,0,0,4,Posta,2024,San Diego,1127155
1,0,0,0,1,0,0,0,0,0,0,0,0,0,0,0,0,0,0,0,0,0,0,0,0,0,0,0,0,0,0,0,0,0,0,0,0,0,0,0,0,0,0,0,0,0,0,1,0,0,0,0,0,1,Purple,2024,Butte,11376
26,4,3,0,1,0,0,0,0,0,1,0,0,0,0,0,0,0,0,0,6,1,0,0,1,0,0,1,0,0,0,0,8,4,0,0,0,0,0,0,0,3,0,0,0,0,0,54,0,0,0,0,0,5,Quail,2020,Solano,19402313
5,0,0,0,3,0,0,0,0,0,0,0,0,0,0,0,0,0,0,0,1,0,0,0,0,0,0,0,0,0,0,0,0,0,0,0,0,0,0,0,0,0,0,0,0,0,0,5,0,0,0,0,0,4,Quarry,2023,San Benito,777915
5,0,0,0,2,0,0,0,0,0,1,0,0,0,0,0,0,0,0,0,8,0,0,0,6,0,0,0,0,0,0,0,0,0,0,0,0,0,0,0,0,0,0,0,0,0,1,12,0,0,0,0,0,11,Railbridge,2024,Butte,3425298
7,0,1,0,1,0,0,0,0,0,0,0,0,0,0,0,0,0,0,0,3,0,0,0,1,0,0,0,0,0,0,0,0,0,0,0,0,0,0,0,0,0,0,0,0,0,0,11,0,0,0,0,0,2,Rainbow,2022,Tehama,330723
0,4,1,0,106,0,0,0,0,0,0,0,0,0,0,0,0,0,0,0,0,6,6,7,77,0,0,0,0,0,0,11,0,0,0,0,14,0,0,0,0,13,0,0,0,1,6,129,0,0,0,1,0,122,Ranch,2018,Lake,24698124
0,1,0,0,4,0,0,0,0,0,0,0,0,0,0,0,0,0,0,0,0,0,0,0,2,0,0,0,0,0,0,0,0,0,0,0,0,0,0,0,0,0,0,0,0,0,1,5,1,0,0,0,0,2,Ranch,2018,Mendocino,246165
19,0,0,0,4,0,0,0,0,0,0,0,0,0,0,0,0,0,0,0,5,2,0,0,3,0,0,1,0,0,0,0,0,0,0,0,0,0,0,0,0,0,0,0,0,0,0,30,0,0,0,0,0,4,Rancho,2022,Tehama,1110145
0,0,0,0,0,0,0,0,0,0,0,0,0,0,0,0,0,0,0,0,0,1,0,0,0,0,0,0,0,0,0,0,0,0,0,0,0,0,0,0,0,0,0,1,0,0,0,1,0,0,0,0,0,1,Rancho,2023,Tehama,12124
0,0,0,0,0,0,0,0,0,0,0,0,0,0,0,0,0,0,0,0,0,0,0,0,0,0,0,0,0,0,0,0,0,0,0,0,0,0,0,0,0,0,0,0,0,0,1,1,0,0,0,0,0,0,Reche,2023,Riverside,107976
0,0,0,0,0,0,0,0,0,0,0,0,0,0,0,0,0,0,0,0,0,0,0,0,0,0,0,0,0,0,0,0,0,0,0,0,0,0,0,0,0,2,0,0,0,0,0,1,0,0,0,0,0,1,Red Bank,2019,Tehama,120000
0,0,0,0,0,0,1,0,0,25,0,0,0,0,0,0,19,8,6,413,0,0,0,0,0,0,0,0,0,0,0,0,0,0,0,0,0,0,0,0,0,80,0,0,0,0,0,312,0,0,8,0,0,232,Redwood,2017,Mendocino,92798286
0,0,0,0,0,0,0,0,0,0,0,1,0,0,0,0,0,0,0,0,0,1,0,0,0,0,0,0,0,0,0,0,0,0,0,0,0,0,0,0,0,0,0,0,0,0,0,1,0,0,0,0,0,1,Riata,2023,Calaveras,319404
4,0,0,0,3,0,0,0,0,0,0,0,0,0,0,0,0,0,0,0,3,0,0,0,0,0,0,0,0,0,0,1,0,0,0,0,0,0,0,0,0,0,0,0,0,0,0,10,1,0,0,0,0,0,Rices,2022,Nevada,1506132
0,0,0,0,1,0,0,0,0,0,0,0,0,0,0,0,0,0,0,0,0,0,0,0,0,0,0,0,0,0,0,0,0,0,0,0,0,0,0,0,0,0,0,0,0,0,0,1,0,0,0,0,0,0,Richmond,2018,Lassen,82097
0,0,0,0,0,0,0,0,0,0,0,0,0,0,0,0,0,0,0,0,0,0,0,0,0,0,0,0,1,0,0,0,0,0,0,0,0,0,0,0,0,0,0,0,0,0,0,1,0,0,0,0,0,0,Ridge,2018,Placer,123583
0,2,3,0,8,0,0,0,0,0,0,0,0,0,0,0,0,0,0,0,0,1,3,0,12,0,0,0,0,0,0,0,0,2,0,0,5,0,0,0,0,3,0,0,0,0,3,23,0,0,0,0,1,18,River,2018,Lake,5620245
0,0,0,0,0,0,0,0,0,0,0,0,0,0,0,0,0,0,0,0,0,0,0,0,4,0,0,0,0,0,0,0,0,0,0,0,0,0,0,0,0,0,0,0,0,0,0,1,0,0,0,0,0,3,River,2018,Mendocino,20186
25,0,0,0,3,0,0,0,0,0,0,0,0,0,0,0,0,0,0,0,37,1,0,0,5,0,0,0,0,0,0,0,4,0,0,0,0,0,0,0,0,0,0,0,0,0,1,37,0,0,0,1,0,38,River,2021,Madera,11957877
13,0,0,0,0,0,0,0,0,0,0,0,0,0,0,0,0,0,0,0,11,1,0,0,3,0,0,0,0,0,0,0,0,0,0,0,0,0,0,0,0,0,0,0,0,0,0,15,0,0,0,0,0,13,River,2021,Mariposa,26338213
95,7,0,0,46,0,0,0,0,0,2,0,0,0,0,0,0,0,0,0,24,1,0,2,22,0,0,5,0,1,0,4,4,1,0,0,2,0,0,0,0,2,2,1,0,0,2,151,0,0,1,0,0,71,River,2021,Nevada,51596234
59,3,0,1,39,0,0,0,0,0,0,0,0,0,2,0,0,0,0,0,14,2,2,0,13,0,0,1,0,0,0,0,1,0,0,0,1,0,0,0,0,2,1,0,0,0,2,105,0,0,0,0,0,38,River,2021,Placer,35443482
0,1,0,0,0,0,0,0,0,0,0,0,0,0,0,0,0,0,0,0,1,0,0,0,1,0,0,0,0,0,0,0,0,0,0,0,0,0,0,0,0,0,0,0,0,0,0,3,0,0,0,0,0,0,Robinson,2020,Butte,267671
0,0,0,0,0,0,0,0,0,22,0,0,0,0,0,0,1,4,0,46,0,0,0,0,0,0,0,0,0,0,0,0,0,0,0,0,0,0,0,1,0,13,0,0,0,0,0,44,0,0,0,1,0,42,Rocky,2015,Lake,6388152
1,0,1,0,0,0,0,0,0,0,0,0,0,0,0,0,0,0,0,0,2,0,0,0,1,0,0,0,0,0,0,0,0,0,0,0,0,0,0,0,0,0,0,0,0,0,0,2,0,0,0,0,0,3,Rocky,2024,Butte,406246
0,0,0,0,0,0,0,0,0,0,0,0,0,0,0,0,0,0,0,0,0,0,0,0,0,0,0,0,0,0,0,0,0,0,0,0,0,0,0,0,0,1,0,0,0,0,0,0,0,0,0,0,0,1,Round,2015,Inyo,0
0,0,0,0,0,0,0,0,0,2,0,0,0,0,0,0,0,6,0,40,0,0,0,0,0,0,0,0,0,0,0,0,0,0,0,0,0,0,0,0,0,9,0,0,0,0,0,40,0,0,0,0,0,17,Round,2015,Mono,15060919
0,0,0,0,0,0,0,0,0,0,0,0,0,0,0,0,0,0,0,0,0,0,0,0,1,0,0,0,0,0,0,0,0,0,0,0,0,0,0,0,0,0,0,0,0,0,0,1,0,0,0,0,0,0,Ruby,2018,Tuolumne,19000
16,2,1,0,1,0,0,0,0,0,0,0,0,0,0,0,0,0,0,0,2,0,0,1,1,0,0,0,0,0,0,0,0,0,0,0,0,0,0,0,0,0,0,0,0,0,0,17,0,0,0,0,0,7,Ruby,2023,Shasta,2158121
11,1,1,0,6,0,0,0,0,0,0,0,0,0,0,0,0,0,0,0,9,1,2,0,25,0,0,0,0,0,0,0,0,0,0,0,0,56,0,0,0,2,0,0,1,0,0,67,0,0,2,0,0,46,SCU Lightning Cmplx,2020,Alameda,3260787
12,3,0,0,6,0,0,0,0,0,1,0,0,0,0,0,0,0,0,0,10,0,0,1,10,0,0,0,0,0,0,0,0,0,0,0,0,18,0,0,0,5,0,0,0,0,1,39,0,0,0,4,0,24,SCU Lightning Cmplx,2020,San Joaquin,6399658
102,4,0,1,31,0,0,0,0,0,7,0,0,0,1,0,0,0,0,0,102,4,0,1,72,0,0,5,1,1,0,0,6,0,0,0,5,160,0,2,0,26,1,0,0,0,7,291,7,1,16,7,0,217,SCU Lightning Cmplx,2020,Santa Clara,22705526
17,1,0,0,5,0,0,0,0,0,2,0,0,0,1,0,0,0,0,0,24,0,0,1,12,0,0,0,0,0,0,1,2,0,0,0,1,78,0,0,0,2,0,0,0,0,2,72,0,0,2,0,0,75,SCU Lightning Cmplx,2020,Stanislaus,13454056
154,4,1,0,81,0,0,0,0,0,10,0,0,0,1,0,0,0,0,0,299,4,1,1,116,0,0,17,0,0,0,3,0,0,0,0,2,51,0,0,0,20,23,1,0,0,9,520,7,0,94,7,0,170,SQF Complex,2020,Tulare,39478045
0,1,1,1,1,0,0,0,0,0,0,3,0,1,0,0,0,0,0,0,0,0,1,0,1,0,0,0,0,0,0,0,0,63,14,2,11,0,0,0,0,7,0,0,0,0,1,60,38,0,5,0,0,5,Saddleridge,2019,Los Angeles,33015922
15,3,0,0,41,0,0,0,0,0,0,0,0,0,0,0,0,0,0,0,15,0,0,0,2,0,0,0,0,0,0,0,0,0,0,0,0,0,0,0,0,0,1,0,0,0,0,50,0,0,0,0,0,27,Salt,2021,Shasta,15352427
0,0,0,0,1,0,0,0,0,0,0,0,0,0,0,0,0,0,0,0,0,0,0,0,1,0,0,0,0,0,0,0,0,0,0,0,0,0,0,0,0,0,0,0,0,0,0,1,0,0,0,0,0,1,Salt,2023,Shasta,90598
0,0,0,0,1,0,0,0,0,0,0,0,0,0,0,0,0,0,0,0,0,0,0,0,3,0,0,0,0,0,0,0,0,0,0,0,0,0,0,0,0,0,0,0,0,0,0,0,0,0,0,0,0,4,Sand,2019,Yolo,367350
4,2,1,0,13,0,0,0,0,0,0,0,0,0,0,0,0,0,0,0,12,8,5,0,60,0,0,0,0,0,0,0,0,0,0,0,0,4,0,0,0,0,0,0,0,0,0,105,0,0,0,0,0,4,Sandalwood,2019,Riverside,960508
0,0,0,0,0,0,0,0,0,0,0,0,0,0,0,0,0,0,0,0,0,0,0,0,4,0,0,0,0,0,0,0,0,0,0,0,0,0,0,0,0,1,0,0,0,0,0,3,0,0,0,0,0,2,Sandra,2022,Butte,280591
69,1,0,0,1,0,0,0,0,0,0,0,0,0,0,0,0,0,0,0,23,1,0,0,22,0,0,0,0,0,0,0,4,0,0,0,0,0,0,0,0,1,1,0,0,0,1,106,0,1,0,0,0,17,Sheep,2020,Lassen,19136829
0,0,0,0,1,0,0,0,0,0,0,0,0,0,0,0,0,0,0,0,0,0,0,0,0,0,0,0,0,0,0,0,0,0,0,0,0,0,0,0,0,0,0,0,0,0,0,1,0,0,0,0,0,0,Silver,2018,Shasta,300000
41,1,0,0,0,0,0,0,0,0,3,0,0,0,0,0,0,0,0,0,15,0,0,0,0,0,0,3,0,0,0,2,734,0,0,0,0,0,0,0,0,1,0,0,0,0,0,536,211,0,39,1,0,13,Silverado,2020,Orange,763868544
16,0,0,0,0,0,0,0,0,0,0,0,0,0,0,0,0,0,0,0,35,0,0,0,0,0,0,1,0,0,0,0,0,0,0,0,0,0,0,0,0,0,0,0,0,0,0,16,0,0,0,2,0,34,Sites,2024,Colusa,5927819
0,0,0,0,0,0,0,0,0,0,0,0,0,0,0,20,6,2,3,7,0,0,0,0,0,0,0,0,0,0,0,0,0,0,0,0,0,48,0,1,0,0,0,0,0,0,0,87,0,0,0,0,0,0,Skirball,2017,Los Angeles,141232588
0,0,0,0,0,0,0,2,0,7,0,0,0,0,0,0,0,0,0,23,0,0,0,0,0,0,0,0,0,0,0,0,0,0,0,0,0,0,0,1,1,39,0,0,0,0,0,60,0,0,0,0,0,13,Soberanes,2016,Monterey,7259234
0,0,0,0,1,0,0,0,0,0,0,0,0,0,0,0,0,0,0,0,0,0,0,0,1,0,0,0,0,0,0,0,0,0,0,0,1,0,0,0,0,0,0,0,0,0,0,3,0,0,0,0,0,0,Southern,2021,San Diego,111900
0,0,0,0,0,0,0,0,0,4,0,0,0,0,0,0,0,1,0,1,0,0,0,0,0,0,0,0,0,0,0,0,0,0,0,0,0,0,0,0,0,0,0,0,0,0,0,2,0,0,0,0,0,4,Spenceville,2017,Yuba,394287
0,0,0,0,1,0,0,0,0,0,0,0,0,0,0,0,0,0,0,0,0,0,0,0,0,0,0,0,0,0,0,0,0,0,0,0,0,0,0,0,0,0,0,0,0,0,0,1,0,0,0,0,0,0,Spring,2018,San Luis Obispo,158112
1,0,0,0,0,0,0,0,0,0,1,0,0,0,0,0,0,0,0,0,2,0,0,0,0,0,0,0,0,0,0,0,0,0,0,0,0,0,0,0,0,2,0,0,0,0,0,3,0,0,0,0,0,3,Springs,2022,Tuolumne,1260772
72,1,1,0,10,0,0,0,0,0,2,0,0,0,0,0,0,0,0,0,37,2,0,0,6,0,0,2,0,0,0,2,6,0,0,0,2,0,0,0,0,9,2,0,0,0,2,88,1,0,0,1,0,66,Stagecoach,2020,Kern,9455146
1,0,0,0,0,0,0,0,0,0,0,0,0,0,0,0,0,0,0,0,1,0,0,0,0,0,0,0,0,0,0,0,0,0,0,0,0,0,0,0,0,0,0,0,0,0,0,2,0,0,0,0,0,0,Star,2024,Calaveras,256262
0,4,0,0,7,0,0,0,0,0,0,0,0,0,0,0,0,0,0,0,0,0,0,0,0,0,0,0,0,0,0,0,0,0,0,0,0,0,0,0,0,1,0,0,0,0,0,12,0,0,0,0,0,0,Steele,2018,Napa,2714102
0,0,2,0,0,0,0,0,0,0,0,0,0,0,0,0,0,0,0,0,0,0,0,0,0,0,0,0,0,0,0,0,0,0,0,0,0,0,0,0,0,4,0,0,0,0,0,1,0,0,0,1,0,4,Steins,2021,El Dorado,967506
0,0,0,0,1,0,0,0,0,0,0,0,0,0,0,0,0,0,0,0,0,0,0,0,0,0,0,0,0,0,0,0,0,0,0,0,0,0,0,0,0,0,0,0,0,0,0,1,0,0,0,0,0,0,Still,2022,Nevada,107325
0,1,0,0,3,0,0,0,0,0,0,0,0,0,0,0,0,0,0,0,0,3,0,2,10,0,0,0,0,0,0,1,0,0,0,0,0,0,0,0,0,2,0,0,0,0,0,4,0,0,14,0,2,2,Stoll,2018,Tehama,2568143
0,0,0,0,0,0,0,0,0,0,0,0,0,0,0,0,0,0,0,3,0,0,0,0,0,0,0,0,0,0,0,0,0,0,0,0,0,0,0,0,0,0,0,0,0,0,0,1,0,0,0,0,0,2,Stone,2017,San Luis Obispo,235685
0,0,0,0,0,0,0,0,0,6,0,0,0,0,0,0,4,0,0,95,0,0,0,0,0,0,0,0,0,0,0,0,0,0,0,0,0,0,0,0,2,51,0,0,0,0,0,128,0,0,2,0,0,28,Sulphur,2017,Lake,16679909
1,0,0,0,0,0,0,0,0,0,0,0,0,0,0,0,0,0,0,0,1,0,0,0,0,0,0,0,0,0,0,0,0,0,0,0,0,0,0,0,0,0,0,0,0,0,0,1,0,0,0,0,0,1,Sun,2024,Calaveras,320316
4,0,0,0,0,0,0,0,0,0,0,0,0,0,0,0,0,0,0,0,4,0,0,1,2,0,0,0,0,0,0,0,0,0,0,0,0,0,0,0,0,0,0,0,0,0,0,9,0,0,0,0,0,2,Swedes,2019,Butte,805178
246,0,1,0,2,0,0,0,0,0,0,0,0,0,0,0,0,0,0,0,59,1,0,0,2,0,0,3,0,0,0,0,3,0,0,0,0,0,0,0,0,0,6,0,0,0,0,203,11,8,9,2,0,90,Tamarack,2021,Alpine,74620468
0,0,0,0,0,0,0,0,0,3,0,0,0,0,0,0,1,0,0,14,0,0,0,0,0,0,0,0,0,0,0,0,0,0,0,0,0,0,0,0,0,0,0,0,0,0,0,13,0,0,0,0,0,5,Tassajara,2015,Monterey,2542630
0,0,0,0,4,0,0,0,0,0,0,0,0,0,0,0,0,0,0,0,2,1,0,0,4,0,0,0,0,0,0,0,0,0,0,0,0,0,0,0,0,0,0,0,0,0,1,2,0,0,3,0,0,7,Tenant,2021,Siskiyou,992101
0,0,0,0,0,0,0,0,0,0,0,0,0,0,0,0,0,1,0,3,0,0,0,0,0,0,0,0,0,0,0,0,0,0,0,0,0,0,0,0,0,0,0,0,0,0,0,1,0,0,0,0,0,3,Thirty Seven,2017,Sonoma,908044
0,0,0,0,0,1,0,0,0,10,0,0,0,0,0,1,26,7,2,42,0,0,0,0,0,0,0,0,0,0,0,0,0,0,0,0,0,0,0,0,0,1,0,0,0,0,0,54,0,0,0,3,0,33,Thomas,2017,Santa Barbara,159267645
0,0,0,0,0,0,6,1,2,88,0,0,0,0,0,3,111,60,34,915,0,0,0,0,0,0,0,0,0,0,0,0,0,0,0,0,0,14,3,2,1,35,0,0,0,0,0,936,0,0,32,25,0,282,Thomas,2017,Ventura,475035027
112,4,1,1,11,0,0,0,0,0,3,0,0,0,0,0,0,0,0,0,25,2,0,0,10,0,0,1,0,0,0,0,7,0,0,0,1,0,0,0,0,4,3,0,0,0,0,104,0,0,0,1,0,80,Thompson,2024,Butte,31780509
0,0,0,0,0,0,0,0,0,0,0,0,0,0,0,0,0,1,0,0,0,0,0,0,0,0,0,0,0,0,0,0,0,0,0,0,0,0,0,0,0,0,0,0,0,0,0,0,0,0,0,0,0,1,Timm,2017,Solano,454358
0,0,0,0,1,0,0,0,0,0,0,0,0,0,0,0,0,0,0,0,0,0,0,0,0,0,0,0,0,0,0,0,0,0,0,0,0,0,0,0,0,0,0,0,0,0,0,1,0,0,0,0,0,0,Trinity,2019,Shasta,33115
1,0,0,0,0,0,0,0,0,0,0,0,0,0,0,0,0,0,0,0,1,1,0,0,1,0,0,0,0,0,0,0,0,0,0,0,0,0,0,0,0,0,0,0,0,0,0,1,0,0,0,0,0,3,Truitman,2024,Siskiyou,151728
0,0,0,0,0,0,1,0,0,1,0,0,0,0,0,0,9,6,2,83,0,0,0,0,0,0,0,0,0,0,0,0,0,0,0,0,0,0,0,0,0,1,0,0,0,0,0,52,0,0,1,0,0,50,Tubbs,2017,Napa,78979639
0,0,0,0,0,4,4,6,3,326,0,0,0,0,0,51,168,63,26,5106,0,0,0,0,0,0,0,0,0,0,0,0,0,0,0,0,0,1,2,0,0,78,0,0,0,0,0,4843,0,0,110,2,0,883,Tubbs,2017,Sonoma,4765331905
2,0,0,0,0,0,0,0,0,0,0,0,0,0,0,0,0,0,0,0,0,0,0,0,0,0,0,0,0,0,0,0,0,0,0,0,0,0,0,0,0,0,0,0,0,0,0,2,0,0,0,0,0,0,Usher,2023,Calaveras,408303
0,0,0,0,0,0,3,1,0,155,0,0,0,0,0,0,23,11,5,583,0,0,0,0,0,0,0,0,0,0,0,0,0,0,0,0,0,0,1,1,5,1109,0,0,0,0,0,1271,0,0,62,3,0,561,Valley,2015,Lake,430116303
0,0,0,0,0,0,0,0,0,0,0,0,0,0,0,0,0,0,0,0,0,0,0,0,0,0,0,0,0,0,0,0,0,0,0,0,0,0,0,0,0,2,0,0,0,0,0,2,0,0,0,0,0,0,Valley,2015,Napa,166000
0,0,0,0,0,0,0,0,0,0,0,0,0,0,0,0,0,0,0,0,0,0,0,0,0,0,0,0,0,0,0,0,0,0,0,0,0,0,0,0,0,2,0,0,0,0,0,1,0,0,0,0,0,1,Valley,2015,Sonoma,12780
4,3,2,1,25,0,0,0,0,0,0,0,0,0,0,0,0,0,0,0,1,2,1,1,30,0,0,0,0,0,0,1,0,1,0,0,4,351,0,0,0,4,0,0,0,0,0,291,4,0,11,2,0,123,Valley,2020,San Diego,80332000
1,0,0,0,0,0,0,0,0,0,0,0,0,0,0,0,0,0,0,0,0,0,0,0,0,0,0,0,0,0,0,0,0,0,0,0,0,0,0,0,0,0,0,0,0,0,0,1,0,0,0,0,0,0,Valley,2022,Madera,71238
0,0,0,0,0,0,0,0,0,0,0,0,0,0,0,0,0,0,0,0,0,0,0,0,1,0,0,0,0,0,0,0,0,0,0,0,0,0,0,0,0,5,0,0,0,0,0,6,0,0,0,0,0,0,Vestal,2024,Tehama,0
0,0,0,0,0,0,0,0,0,0,0,0,0,0,0,0,0,0,0,0,0,0,0,0,1,0,0,0,0,0,0,0,0,0,0,0,0,0,0,0,0,0,0,0,0,0,0,0,0,0,0,0,0,1,View,2021,Tehama,105509
7,0,0,0,0,0,0,0,0,0,0,0,0,0,0,0,0,0,0,0,4,0,0,0,0,0,0,0,0,0,0,0,0,0,0,0,0,0,0,0,0,0,0,0,0,0,0,8,0,0,0,0,0,3,Vista,2018,Shasta,3512834
1,0,0,0,1,0,0,0,0,0,0,0,0,0,0,0,0,0,0,0,0,0,0,0,1,0,0,0,0,0,0,0,0,0,0,0,0,0,0,0,0,0,0,0,0,0,0,1,0,0,0,0,0,2,Vista,2022,Tehama,177411
0,0,0,0,1,0,0,0,0,0,0,0,0,0,0,0,0,0,0,0,0,0,0,0,3,0,0,0,0,0,0,0,0,0,0,0,0,0,0,0,0,0,0,0,0,0,3,1,0,0,0,0,0,6,Wagner,2018,Mariposa,3962154
0,0,0,0,0,0,0,0,0,7,0,0,0,0,0,0,5,1,2,85,0,0,0,0,0,0,0,0,0,0,0,0,0,0,0,0,0,0,0,0,0,1,0,0,0,0,0,44,0,0,2,0,0,55,Wall,2017,Butte,5671062
0,0,0,0,3,0,0,0,0,0,0,0,0,0,0,0,0,0,0,0,0,0,0,0,1,0,0,0,0,0,0,0,0,0,0,0,0,0,0,0,0,2,0,0,0,0,0,5,0,0,0,0,0,1,Washington ,2021,Tuolumne,780753
0,0,0,0,1,0,0,0,0,0,0,0,0,0,0,0,0,0,0,0,0,0,0,0,0,0,0,0,0,0,0,0,0,0,0,0,0,0,0,0,0,0,0,0,0,0,0,1,0,0,0,0,0,0,Waverly,2018,Calaveras,37704
2,4,2,2,14,0,0,0,0,0,0,2,0,0,5,0,0,0,0,0,0,0,0,1,8,0,0,0,0,0,0,0,0,1,0,1,12,0,0,0,0,4,0,0,0,0,0,52,0,0,0,0,0,6,West,2018,San Diego,27959799
3,0,0,0,0,0,0,0,0,0,0,0,0,0,0,0,0,0,0,0,4,0,0,0,0,0,0,0,0,0,0,0,2,0,0,0,0,0,0,0,0,0,0,0,0,0,0,3,0,0,0,0,0,6,Whisky,2023,Madera,1919816
7,0,1,0,0,0,0,0,0,0,0,0,0,0,0,0,0,0,0,0,11,0,0,1,1,0,0,0,0,0,0,0,0,0,0,0,0,0,0,0,0,1,0,0,0,0,0,22,0,0,0,0,0,0,White,2024,Kern,332817
0,0,0,0,0,0,2,0,0,15,0,0,0,0,0,0,3,1,1,24,0,0,0,0,0,0,0,0,0,0,0,0,0,0,0,0,0,0,0,0,0,1,0,0,0,0,0,19,0,0,5,0,0,23,Whittier,2017,Santa Barbara,30822870
0,0,0,0,0,0,0,0,0,0,0,0,0,0,0,0,0,0,0,0,0,0,0,0,0,0,0,0,0,0,0,0,0,0,0,0,0,0,0,0,0,1,0,0,0,0,0,0,0,0,0,0,0,1,Willow,2019,Amador,4552
7,1,0,0,5,0,0,0,0,0,0,1,0,0,0,0,0,0,0,0,0,2,0,0,2,0,0,0,0,0,0,0,0,1,0,0,0,1,0,0,0,1,0,0,0,0,0,18,0,0,2,0,0,1,Willow,2020,Yuba,3965041
2,0,1,0,2,0,0,0,0,0,0,0,0,0,0,0,0,0,0,0,1,0,0,1,1,0,0,0,0,0,0,0,6,0,0,0,1,0,0,0,0,0,0,0,0,0,0,15,0,0,0,0,0,0,Winding,2022,Yuba,2969362
130,0,0,0,6,0,0,0,0,0,0,0,0,0,0,0,0,0,0,0,38,0,0,0,8,0,0,0,0,0,0,0,0,0,0,0,0,0,0,0,0,1,5,0,0,0,1,154,0,0,4,1,0,30,Windy,2021,Tulare,62490360
0,0,0,0,0,0,0,0,0,0,0,0,0,0,0,0,0,0,0,0,0,0,0,0,1,0,0,0,0,0,0,0,0,0,0,0,0,0,0,0,0,0,0,0,0,0,0,1,0,0,0,0,0,0,Woods,2022,Tuolumne,28533
0,53,12,15,408,0,0,0,0,0,0,8,4,1,25,0,0,0,0,0,0,27,7,8,213,0,0,0,7,1,0,12,0,57,12,17,301,0,11,3,2,482,0,2,1,2,21,1248,7,5,51,0,0,401,Woolsey,2018,Los Angeles,880850612
0,11,1,0,27,0,0,0,0,0,0,2,2,0,4,0,0,0,0,0,0,5,1,0,20,0,0,0,2,0,0,0,0,50,22,16,77,0,1,0,0,52,0,0,0,1,1,211,8,0,51,0,0,25,Woolsey,2018,Ventura,207736296
140,9,0,0,79,0,0,0,0,0,3,0,0,0,0,0,0,0,0,0,144,13,1,1,91,0,0,7,0,0,0,1,7,0,0,0,1,0,0,0,0,3,3,0,0,0,1,239,0,0,2,2,0,261,Zogg,2020,Shasta,67770906
